Delight Point,Frequency
General,1119
Fragrance,138
Odor control,54
Natural,48
Freshness,45
Long-lasting,33
Eco-friendly,29
Longevity,28
Skin-safe,17
Cooling,12
Efficacy,10
Skin Care,8
Packaging,7
Easy Application,7
Texture,7
No Staining,6
Long-lasting fragrance,6
Moisturizing,5
Skin Lightening,5
Non-Stick,5
Soothing,4
Ease of use,4
Residue-free,4
Clean formulation,3
Sweat Control,3
Portability,3
Quality,3
Smoothness,3
Hypoallergenic,2
Gentle on skin,2
Economical,2
Pigmentation improvement,2
Hair Growth,1
Alcohol Free,1
Comfort,1
Value for money,1
Non-blocking,1
Non-messy,1
Sustainability,1
Application,1
Sample,1
